k,Count of Best k,Average Accuracy
1,55,0.3223153320918684
2,19,0.30959031657355673
3,20,0.31393544382371197
4,17,0.32107386716325265
5,14,0.32278088144009925
6,17,0.3218497827436375
7,8,0.32138423339540656
8,7,0.31626319056486657
9,12,0.32324643078833026
10,18,0.31812538795779016
11,8,0.32371198013656116
12,11,0.329608938547486
13,12,0.3324022346368715
14,8,0.3306952203600248
15,11,0.329608938547486