k,Count Chosen,Average Accuracy
1,3300,0.22222222222222224
2,1200,0.18888888888888888
3,930,0.21111111111111108
4,660,0.2111111111111111
5,840,0.18888888888888888
6,870,0.2111111111111111
7,1110,0.22222222222222224
8,810,0.22222222222222224
9,1020,0.21111111111111108
